
	<!DOCTYPE project [
		<!ELEMENT project (objectids-table | current-scenario | duration | aggregation-period | truncated-mean | percentile)* >
	
		<!ELEMENT objectids-table (objectids-entry)* >
		<!ELEMENT objectids-entry (#PCDATA)>
		<!ELEMENT duration (#PCDATA)>
		<!ELEMENT truncated-mean (#PCDATA)>
		<!ELEMENT percentile (#PCDATA)>
		<!ELEMENT aggregation-period (#PCDATA)>
		<!ELEMENT current-scenario (#PCDATA)>
		<!ATTLIST duration
		    value CDATA #REQUIRED>
	    <!ATTLIST aggregation-period
		    value CDATA #REQUIRED>
		<!ATTLIST objectids-entry
		    objectid CDATA #REQUIRED
		    type CDATA #REQUIRED
		    value CDATA #REQUIRED
		    key CDATA #REQUIRED>
		<!ATTLIST truncated-mean
		    centered-interval CDATA #REQUIRED
		    percentage CDATA #REQUIRED>
		 <!ATTLIST percentile
		    percentage CDATA #REQUIRED>
	]>


<!--****** RUNTIME PROJECT ******--><project>
<!--****** CURRENT SCENARIO ******-->
<current-scenario>PetstoreScenario</current-scenario>
<!--****** OBJECTIDS ******-->
<objectids-table>
<objectids-entry key="" objectid="0" type="LG_HOST" value="localhost:7100"/>
<objectids-entry key="" objectid="1" type="ZONE" value="Zone par défaut"/>
<objectids-entry key="Zone par défaut¤Petstore¤" objectid="2" type="POPULATION" value="Petstore"/>
<objectids-entry key="Zone par défaut¤Petstore¤Buyer" objectid="63" type="VIRTUAL_USER" value="Buyer"/>
<objectids-entry key="Zone par défaut¤Petstore¤Buyer" objectid="64" type="BASIC_LOGICAL_CONTAINER" value="$parent=Buyer;$index=0"/>
<objectids-entry key="Zone par défaut¤Petstore¤Buyer" objectid="65" type="BASIC_LOGICAL_CONTAINER" value="$parent=Buyer;$index=1"/>
<objectids-entry key="Zone par défaut¤Petstore¤Buyer" objectid="66" type="BASIC_LOGICAL_CONTAINER" value="22edbd3d-1d71-4667-a602-a5c5fd6e7545"/>
<objectids-entry key="Zone par défaut¤Petstore¤Buyer" objectid="67" type="HTTP_PAGE" value="a148571b-e4a2-4abc-9269-7f0c34c5a0ae"/>
<objectids-entry key="Zone par défaut¤Petstore¤Buyer" objectid="68" type="ACTION" value="b8968cff-359d-4bf0-9e52-69f0fe49ce39"/>
<objectids-entry key="Zone par défaut¤Petstore¤Buyer" objectid="69" type="HTTP_PAGE" value="e2fe6403-139f-4262-8fb5-777c1ce5b8a7"/>
<objectids-entry key="Zone par défaut¤Petstore¤Buyer" objectid="70" type="ACTION" value="92c3a6a6-b6ac-484b-9fea-8cee4a8f5f84"/>
<objectids-entry key="Zone par défaut¤Petstore¤Buyer" objectid="71" type="BASIC_LOGICAL_CONTAINER" value="2c05c6b9-0cf5-46f7-9d10-f8a3c32cdd8f"/>
<objectids-entry key="Zone par défaut¤Petstore¤Buyer" objectid="72" type="HTTP_PAGE" value="d8407a19-e188-46aa-8856-ac9cbb5a9af6"/>
<objectids-entry key="Zone par défaut¤Petstore¤Buyer" objectid="73" type="ACTION" value="29241612-0c23-4441-a04c-637930083dba"/>
<objectids-entry key="Zone par défaut¤Petstore¤Buyer" objectid="74" type="ACTION" value="845b746c-87cc-47ef-91e3-159aff73f77d"/>
<objectids-entry key="Zone par défaut¤Petstore¤Buyer" objectid="75" type="ACTION" value="02d75d4b-decb-46cf-80a4-990a136b2030"/>
<objectids-entry key="Zone par défaut¤Petstore¤Buyer" objectid="76" type="HTTP_PAGE" value="5cdead81-7d7c-45f6-b4fe-9a9f8dd4da2f"/>
<objectids-entry key="Zone par défaut¤Petstore¤Buyer" objectid="77" type="ACTION" value="db2cf90d-95ad-4818-805e-078c8ed6172f"/>
<objectids-entry key="Zone par défaut¤Petstore¤Buyer" objectid="78" type="ACTION" value="35f934f9-e1b5-4424-b473-c6e7e0d9e11a"/>
<objectids-entry key="Zone par défaut¤Petstore¤Buyer" objectid="79" type="ACTION" value="b04719de-8b7b-4432-9c5a-1a5b44fdd32c"/>
<objectids-entry key="Zone par défaut¤Petstore¤Buyer" objectid="80" type="ACTION" value="e72379d7-b75e-4ecc-9e7c-f0c9a4e4949a"/>
<objectids-entry key="Zone par défaut¤Petstore¤Buyer" objectid="81" type="BASIC_LOGICAL_CONTAINER" value="46976105-bec3-4313-b150-a1f2eeca1aee"/>
<objectids-entry key="Zone par défaut¤Petstore¤Buyer" objectid="82" type="HTTP_PAGE" value="fa7029e7-f20e-40f0-8cec-349ba8c3d6be"/>
<objectids-entry key="Zone par défaut¤Petstore¤Buyer" objectid="83" type="ACTION" value="77c4ecbb-d7cf-42b1-9b0b-8fa5428c1cd9"/>
<objectids-entry key="Zone par défaut¤Petstore¤Buyer" objectid="84" type="BASIC_LOGICAL_CONTAINER" value="251535d3-1c0d-4370-bb75-302090b65094"/>
<objectids-entry key="Zone par défaut¤Petstore¤Buyer" objectid="85" type="HTTP_PAGE" value="1e5140f8-5670-4dfa-9bad-684e39b76ffc"/>
<objectids-entry key="Zone par défaut¤Petstore¤Buyer" objectid="86" type="ACTION" value="706f1a97-99cb-4127-a700-15a7cadcf4a7"/>
<objectids-entry key="Zone par défaut¤Petstore¤Buyer" objectid="87" type="BASIC_LOGICAL_CONTAINER" value="e4c4c0d3-5cdf-4c2d-bf6d-e9d7cd4e261d"/>
<objectids-entry key="Zone par défaut¤Petstore¤Buyer" objectid="88" type="HTTP_PAGE" value="ff25b217-5fb6-434a-aa82-8a8a0858edbf"/>
<objectids-entry key="Zone par défaut¤Petstore¤Buyer" objectid="89" type="ACTION" value="8183057f-3c3c-48a4-9974-18aa54c3a1b7"/>
<objectids-entry key="Zone par défaut¤Petstore¤Buyer" objectid="90" type="ACTION" value="d28e60f5-294d-49c3-95bb-63ada3aebc9d"/>
<objectids-entry key="Zone par défaut¤Petstore¤Buyer" objectid="91" type="BASIC_LOGICAL_CONTAINER" value="593ada21-ed3c-461e-b74f-50b4e2aea5d5"/>
<objectids-entry key="Zone par défaut¤Petstore¤Buyer" objectid="92" type="HTTP_PAGE" value="4cf801d7-8fb3-4f8f-a993-5525acf7639f"/>
<objectids-entry key="Zone par défaut¤Petstore¤Buyer" objectid="93" type="ACTION" value="d9309eeb-143c-4242-ada5-9be5e2fb5ad9"/>
<objectids-entry key="Zone par défaut¤Petstore¤Buyer" objectid="94" type="BASIC_LOGICAL_CONTAINER" value="59820e78-8b08-440a-ad27-8aa8a55871c9"/>
<objectids-entry key="Zone par défaut¤Petstore¤Buyer" objectid="95" type="HTTP_PAGE" value="ebda5014-9ff1-4871-b9ad-16a2b76477f0"/>
<objectids-entry key="Zone par défaut¤Petstore¤Buyer" objectid="96" type="ACTION" value="bbf1ae50-18fc-45d9-97ac-3da8d8175bac"/>
<objectids-entry key="Zone par défaut¤Petstore¤Buyer" objectid="97" type="ACTION" value="a7cf15d8-7d48-45f7-a6c2-a092222ade8a"/>
<objectids-entry key="Zone par défaut¤Petstore¤Buyer" objectid="98" type="HTTP_PAGE" value="fcf00f88-c912-496f-a9a1-acea40151597"/>
<objectids-entry key="Zone par défaut¤Petstore¤Buyer" objectid="99" type="ACTION" value="7180c0f7-76d9-4a6a-92ba-0f37db69a655"/>
<objectids-entry key="Zone par défaut¤Petstore¤Buyer" objectid="100" type="BASIC_LOGICAL_CONTAINER" value="b20e56cb-70ff-4444-8b99-c76630758a61"/>
<objectids-entry key="Zone par défaut¤Petstore¤Buyer" objectid="101" type="HTTP_PAGE" value="3eab0d49-810b-4cbb-af42-474cf362a54c"/>
<objectids-entry key="Zone par défaut¤Petstore¤Buyer" objectid="102" type="ACTION" value="533f618c-9732-4b20-a2c3-411dc7622b17"/>
<objectids-entry key="Zone par défaut¤Petstore¤Buyer" objectid="103" type="BASIC_LOGICAL_CONTAINER" value="a252d808-ceb5-473a-9990-1111ea99d5bc"/>
<objectids-entry key="Zone par défaut¤Petstore¤Buyer" objectid="104" type="HTTP_PAGE" value="a91fd6d8-9eb5-4adf-9553-80802f362249"/>
<objectids-entry key="Zone par défaut¤Petstore¤Buyer" objectid="105" type="ACTION" value="e629fa1e-c130-4374-8b9e-2cf15951397c"/>
<objectids-entry key="Zone par défaut¤Petstore¤Buyer" objectid="106" type="BASIC_LOGICAL_CONTAINER" value="$parent=Buyer;$index=2"/>
<objectids-entry key="Zone par défaut¤Petstore¤Searcher" objectid="107" type="VIRTUAL_USER" value="Searcher"/>
<objectids-entry key="Zone par défaut¤Petstore¤Searcher" objectid="108" type="BASIC_LOGICAL_CONTAINER" value="$parent=Searcher;$index=0"/>
<objectids-entry key="Zone par défaut¤Petstore¤Searcher" objectid="109" type="BASIC_LOGICAL_CONTAINER" value="$parent=Searcher;$index=1"/>
<objectids-entry key="Zone par défaut¤Petstore¤Searcher" objectid="110" type="BASIC_LOGICAL_CONTAINER" value="9c6456cb-80b6-4535-a261-2e3b3bee0763"/>
<objectids-entry key="Zone par défaut¤Petstore¤Searcher" objectid="111" type="HTTP_PAGE" value="3352efc7-6379-4b4d-a7a0-4266e8bd1e5e"/>
<objectids-entry key="Zone par défaut¤Petstore¤Searcher" objectid="112" type="ACTION" value="82d7a851-bbf5-43a4-aa4c-cec1d4188876"/>
<objectids-entry key="Zone par défaut¤Petstore¤Searcher" objectid="113" type="HTTP_PAGE" value="110a5bcd-453c-4b9b-a276-69fc1a0bd11e"/>
<objectids-entry key="Zone par défaut¤Petstore¤Searcher" objectid="114" type="ACTION" value="99fc8e1c-6cfc-4ef9-806d-2266662aff03"/>
<objectids-entry key="Zone par défaut¤Petstore¤Searcher" objectid="115" type="BASIC_LOGICAL_CONTAINER" value="7a7e3c50-d8ca-4b3c-bbf8-f90a216865bf"/>
<objectids-entry key="Zone par défaut¤Petstore¤Searcher" objectid="116" type="HTTP_PAGE" value="b99b9fd3-cfc7-4872-bfab-0b7d97f7090d"/>
<objectids-entry key="Zone par défaut¤Petstore¤Searcher" objectid="117" type="ACTION" value="950024df-a43d-40f4-bb50-01015f8b419b"/>
<objectids-entry key="Zone par défaut¤Petstore¤Searcher" objectid="118" type="ACTION" value="c858f88b-0f2b-4c46-99d2-ced1965ca5e6"/>
<objectids-entry key="Zone par défaut¤Petstore¤Searcher" objectid="119" type="BASIC_LOGICAL_CONTAINER" value="bcd2c171-af68-4c43-a470-3db6398c5dd1"/>
<objectids-entry key="Zone par défaut¤Petstore¤Searcher" objectid="120" type="HTTP_PAGE" value="63f2c45e-01c3-4b39-aa4b-ac99db855dac"/>
<objectids-entry key="Zone par défaut¤Petstore¤Searcher" objectid="121" type="ACTION" value="400b7ee9-70b1-4530-ae66-b22b943165d0"/>
<objectids-entry key="Zone par défaut¤Petstore¤Searcher" objectid="122" type="BASIC_LOGICAL_CONTAINER" value="$parent=Searcher;$index=2"/>
<objectids-entry key="¤¤" objectid="123" type="MONITORED_HOST" value="practice.neotys.com"/>
<objectids-entry key="¤¤" objectid="124" type="MONITORCONNECTION" value="practice.neotys.com$mysql"/>
<objectids-entry key="¤¤" objectid="125" type="MONITOR" value="practice.neotys.com$mysql$Connections/ threads connected"/>
<objectids-entry key="¤¤" objectid="126" type="MONITOR" value="practice.neotys.com$mysql$Connections/ aborted clients"/>
<objectids-entry key="¤¤" objectid="128" type="MONITOR" value="practice.neotys.com$mysql$Connections/ aborted connects"/>
<objectids-entry key="¤¤" objectid="130" type="MONITOR" value="practice.neotys.com$mysql$Connections/ max used"/>
<objectids-entry key="¤¤" objectid="131" type="MONITOR" value="practice.neotys.com$mysql$Select Rates/ select full join"/>
<objectids-entry key="¤¤" objectid="133" type="MONITOR" value="practice.neotys.com$mysql$Select Rates/ select range check"/>
<objectids-entry key="¤¤" objectid="134" type="MONITOR" value="practice.neotys.com$mysql$Read Rates/ handler read random"/>
<objectids-entry key="¤¤" objectid="135" type="MONITOR" value="practice.neotys.com$mysql$Read Rates/ handler read random next"/>
<objectids-entry key="¤¤" objectid="136" type="MONITOR" value="practice.neotys.com$mysql$Key Rates/ key reads (disk)"/>
<objectids-entry key="¤¤" objectid="137" type="MONITOR" value="practice.neotys.com$mysql$Key Rates/ key writes (disk)"/>
<objectids-entry key="¤¤" objectid="138" type="MONITOR" value="practice.neotys.com$mysql$Commands Rates/ handler rollback"/>
<objectids-entry key="¤¤" objectid="139" type="MONITOR" value="practice.neotys.com$mysql$Commands Rates/ handler savepoint rollback"/>
<objectids-entry key="¤¤" objectid="140" type="MONITOR" value="practice.neotys.com$mysql$Tables/ table locks waited"/>
<objectids-entry key="¤¤" objectid="142" type="MONITOR" value="practice.neotys.com$mysql$Memory/ % key buffer size"/>
<objectids-entry key="¤¤" objectid="144" type="MONITOR" value="practice.neotys.com$mysql$Memory/ query alloc block size"/>
<objectids-entry key="¤¤" objectid="145" type="MONITOR" value="practice.neotys.com$mysql$Memory/ read buffer size"/>
<objectids-entry key="¤¤" objectid="146" type="MONITOR" value="practice.neotys.com$mysql$Memory/ read random buffer size"/>
<objectids-entry key="¤¤" objectid="147" type="MONITOR" value="practice.neotys.com$mysql$Misc./ slow queries"/>
<objectids-entry key="¤¤" objectid="149" type="MONITOR" value="practice.neotys.com$mysql$Misc./ slow launch threads"/>
<objectids-entry key="¤¤" objectid="150" type="MONITOR" value="practice.neotys.com$mysql$Misc./ sort merge passes"/>
<objectids-entry key="¤¤" objectid="152" type="MONITOR" value="practice.neotys.com$mysql$Misc./ not flushed delayed rows"/>
<objectids-entry key="¤¤" objectid="153" type="MONITOR" value="practice.neotys.com$mysql$Description/ Database Version"/>
<objectids-entry key="¤¤" objectid="154" type="MONITORED_HOST" value="Tomcat"/>
<objectids-entry key="¤¤" objectid="155" type="MONITORCONNECTION" value="Tomcat$tomcat"/>
<objectids-entry key="¤¤" objectid="156" type="MONITOR" value="Tomcat$tomcat$RequestProcessor/-ajp-bio-127.0.0.1-8009-/errorCount"/>
<objectids-entry key="¤¤" objectid="157" type="MONITOR" value="Tomcat$tomcat$RequestProcessor/-ajp-bio-127.0.0.1-8009-/% errorCount"/>
<objectids-entry key="¤¤" objectid="159" type="MONITOR" value="Tomcat$tomcat$RequestProcessor/-http-bio-8080-/errorCount"/>
<objectids-entry key="¤¤" objectid="160" type="MONITOR" value="Tomcat$tomcat$RequestProcessor/-http-bio-8080-/% errorCount"/>
<objectids-entry key="¤¤" objectid="162" type="MONITOR" value="Tomcat$tomcat$ThreadPool/-ajp-bio-127.0.0.1-8009-/currentThreadsBusy"/>
<objectids-entry key="¤¤" objectid="163" type="MONITOR" value="Tomcat$tomcat$ThreadPool/-ajp-bio-127.0.0.1-8009-/% currentThreadsBusy"/>
<objectids-entry key="¤¤" objectid="165" type="MONITOR" value="Tomcat$tomcat$ThreadPool/-ajp-bio-127.0.0.1-8009-/threadsConfiguration"/>
<objectids-entry key="¤¤" objectid="166" type="MONITOR" value="Tomcat$tomcat$ThreadPool/-http-bio-8080-/currentThreadsBusy"/>
<objectids-entry key="¤¤" objectid="167" type="MONITOR" value="Tomcat$tomcat$ThreadPool/-http-bio-8080-/% currentThreadsBusy"/>
<objectids-entry key="¤¤" objectid="169" type="MONITOR" value="Tomcat$tomcat$ThreadPool/-http-bio-8080-/threadsConfiguration"/>
<objectids-entry key="¤¤" objectid="170" type="MONITOR" value="Tomcat$tomcat$VM/Memory/Used"/>
<objectids-entry key="¤¤" objectid="171" type="MONITOR" value="Tomcat$tomcat$VM/Memory/% Used"/>
<objectids-entry key="¤¤" objectid="173" type="MONITOR" value="Tomcat$tomcat$VM/Memory/Max"/>
<objectids-entry key="¤¤" objectid="174" type="MONITOR" value="Tomcat$tomcat$VM/Garbage Collector/PS MarkSweep/CollectionTime"/>
<objectids-entry key="¤¤" objectid="175" type="MONITOR" value="Tomcat$tomcat$VM/Garbage Collector/PS Scavenge/CollectionTime"/>
<objectids-entry key="¤¤" objectid="176" type="MONITOR" value="Tomcat$tomcat$Description/JVM"/>
<objectids-entry key="¤¤" objectid="177" type="MONITOR" value="Tomcat$tomcat$Description/Specification/Host"/>
<objectids-entry key="¤¤" objectid="178" type="MONITORED_HOST" value="NeoLoad"/>
<objectids-entry key="¤¤" objectid="179" type="MONITORCONNECTION" value="NeoLoad$NeoLoad"/>
<objectids-entry key="¤¤" objectid="180" type="MONITOR" value="NeoLoad$NeoLoad$UserLoad"/>
<objectids-entry key="¤¤" objectid="181" type="MONITOR" value="NeoLoad$NeoLoad$throughput"/>
<objectids-entry key="¤¤" objectid="182" type="MONITOR" value="NeoLoad$NeoLoad$Alerts"/>
<objectids-entry key="¤¤" objectid="183" type="MONITOR" value="NeoLoad$NeoLoad$CriticalAlerts"/>
<objectids-entry key="¤¤" objectid="184" type="MONITOR" value="NeoLoad$NeoLoad$WarningAlerts"/>
<objectids-entry key="¤¤" objectid="185" type="MONITOR" value="NeoLoad$NeoLoad$cpu"/>
<objectids-entry key="¤¤" objectid="187" type="MONITOR" value="NeoLoad$NeoLoad$memory"/>
<objectids-entry key="¤¤" objectid="189" type="MONITOR" value="NeoLoad$NeoLoad$threadcount"/>
<objectids-entry key="¤¤" objectid="190" type="MONITOR" value="NeoLoad$NeoLoad$connectedlg"/>
<objectids-entry key="¤¤" objectid="191" type="MONITOR" value="NeoLoad$NeoLoad$totallgdisconnections"/>
<objectids-entry key="¤¤" objectid="193" type="MONITOR" value="NeoLoad$NeoLoad$totallgreconnections"/>
<objectids-entry key="¤¤" objectid="194" type="MONITOR" value="NeoLoad$NeoLoad$otcp.NeoLoad"/>
<objectids-entry key="¤¤" objectid="195" type="MONITOR" value="NeoLoad$NeoLoad$tcp.NeoLoad"/>
<objectids-entry key="¤¤" objectid="196" type="MONITOR" value="NeoLoad$NeoLoad$ibytesperinterface~NeoLoad~wlan0"/>
<objectids-entry key="¤¤" objectid="197" type="MONITOR" value="NeoLoad$NeoLoad$obytesperinterface~NeoLoad~wlan0"/>
<objectids-entry key="¤¤" objectid="198" type="MONITOR" value="NeoLoad$NeoLoad$ibytesperinterface~NeoLoad~eth7"/>
<objectids-entry key="¤¤" objectid="199" type="MONITOR" value="NeoLoad$NeoLoad$obytesperinterface~NeoLoad~eth7"/>
<objectids-entry key="¤¤" objectid="200" type="MONITOR" value="NeoLoad$NeoLoad$ibytesperinterface~NeoLoad~eth1"/>
<objectids-entry key="¤¤" objectid="201" type="MONITOR" value="NeoLoad$NeoLoad$obytesperinterface~NeoLoad~eth1"/>
<objectids-entry key="¤¤" objectid="202" type="MONITOR" value="NeoLoad$NeoLoad$ibytesperinterface~NeoLoad~wlan2"/>
<objectids-entry key="¤¤" objectid="203" type="MONITOR" value="NeoLoad$NeoLoad$obytesperinterface~NeoLoad~wlan2"/>
<objectids-entry key="¤¤" objectid="204" type="MONITOR" value="NeoLoad$NeoLoad$nlwebdownload"/>
<objectids-entry key="¤¤" objectid="205" type="MONITOR" value="NeoLoad$NeoLoad$nlwebupload"/>
<objectids-entry key="¤¤" objectid="206" type="MONITOR" value="NeoLoad$NeoLoad$SapUserLoad"/>
<objectids-entry key="¤¤" objectid="207" type="MONITOR" value="NeoLoad$NeoLoad$CitrixUserLoad"/>
<objectids-entry key="¤¤" objectid="208" type="MONITOR" value="NeoLoad$NeoLoad$zoneuserload~Zone par défaut"/>
<objectids-entry key="¤¤" objectid="209" type="MONITOR" value="NeoLoad$NeoLoad$zoneuserloadperpopulation~Zone par défaut~Petstore"/>
<objectids-entry key="¤¤" objectid="210" type="MONITOR" value="NeoLoad$NeoLoad$zoneuserloadperpopulation~Zone par défaut~Petstore~Searcher"/>
<objectids-entry key="¤¤" objectid="211" type="MONITOR" value="NeoLoad$NeoLoad$zoneuserloadperpopulation~Zone par défaut~Petstore~Buyer"/>
<objectids-entry key="¤¤" objectid="212" type="MONITORED_HOST" value="Injecteur localhost:7100"/>
<objectids-entry key="¤¤" objectid="213" type="MONITORCONNECTION" value="Injecteur localhost:7100$NeoLoad"/>
<objectids-entry key="¤¤" objectid="214" type="MONITOR" value="Injecteur localhost:7100$NeoLoad$lgcpu.localhost:7100"/>
<objectids-entry key="¤¤" objectid="216" type="MONITOR" value="Injecteur localhost:7100$NeoLoad$lgmemory.localhost:7100"/>
<objectids-entry key="¤¤" objectid="218" type="MONITOR" value="Injecteur localhost:7100$NeoLoad$lgthroughput.localhost:7100"/>
<objectids-entry key="¤¤" objectid="219" type="MONITOR" value="Injecteur localhost:7100$NeoLoad$lguserloadperpopulation~localhost:7100"/>
<objectids-entry key="¤¤" objectid="220" type="MONITOR" value="Injecteur localhost:7100$NeoLoad$lgthreadcount.localhost:7100"/>
<objectids-entry key="¤¤" objectid="221" type="MONITOR" value="Injecteur localhost:7100$NeoLoad$lg.jetty.httpclient.threadpool.used.localhost:7100"/>
<objectids-entry key="¤¤" objectid="222" type="MONITOR" value="Injecteur localhost:7100$NeoLoad$lg.jetty.httpclient.taskpool.used.localhost:7100"/>
<objectids-entry key="¤¤" objectid="224" type="MONITOR" value="Injecteur localhost:7100$NeoLoad$lgdisconnections.localhost:7100"/>
<objectids-entry key="¤¤" objectid="225" type="MONITOR" value="Injecteur localhost:7100$NeoLoad$lgreconnections.localhost:7100"/>
<objectids-entry key="¤¤" objectid="226" type="MONITOR" value="Injecteur localhost:7100$NeoLoad$lgping.localhost:7100"/>
<objectids-entry key="¤¤" objectid="227" type="MONITOR" value="Injecteur localhost:7100$NeoLoad$lgotcp.localhost:7100"/>
<objectids-entry key="¤¤" objectid="228" type="MONITOR" value="Injecteur localhost:7100$NeoLoad$lgtcp.localhost:7100"/>
<objectids-entry key="¤¤" objectid="229" type="MONITOR" value="Injecteur localhost:7100$NeoLoad$lgibytesperinterface~localhost:7100~wlan0"/>
<objectids-entry key="¤¤" objectid="230" type="MONITOR" value="Injecteur localhost:7100$NeoLoad$lgobytesperinterface~localhost:7100~wlan0"/>
<objectids-entry key="¤¤" objectid="231" type="MONITOR" value="Injecteur localhost:7100$NeoLoad$lgibytesperinterface~localhost:7100~eth7"/>
<objectids-entry key="¤¤" objectid="232" type="MONITOR" value="Injecteur localhost:7100$NeoLoad$lgobytesperinterface~localhost:7100~eth7"/>
<objectids-entry key="¤¤" objectid="233" type="MONITOR" value="Injecteur localhost:7100$NeoLoad$lgibytesperinterface~localhost:7100~eth1"/>
<objectids-entry key="¤¤" objectid="234" type="MONITOR" value="Injecteur localhost:7100$NeoLoad$lgobytesperinterface~localhost:7100~eth1"/>
<objectids-entry key="¤¤" objectid="235" type="MONITOR" value="Injecteur localhost:7100$NeoLoad$lgibytesperinterface~localhost:7100~wlan2"/>
<objectids-entry key="¤¤" objectid="236" type="MONITOR" value="Injecteur localhost:7100$NeoLoad$lgobytesperinterface~localhost:7100~wlan2"/>
<objectids-entry key="Zone par défaut¤Petstore¤Buyer¤46976105-bec3-4313-b150-a1f2eeca1aee" objectid="492" type="SLA_THRESHOLD" value="b9937e7d-472d-4529-9367-a8a0dacc1d41"/>
<objectids-entry key="Zone par défaut¤Petstore¤Buyer¤46976105-bec3-4313-b150-a1f2eeca1aee" objectid="493" type="SLA_THRESHOLD" value="a5995407-da73-482f-ac70-871d07d729a6"/>
<objectids-entry key="Zone par défaut¤Petstore¤Buyer¤46976105-bec3-4313-b150-a1f2eeca1aee" objectid="494" type="SLA_THRESHOLD" value="1668f1c8-95ac-4e41-9a73-0b87bf23ed5c"/>
<objectids-entry key="Zone par défaut¤Petstore¤Buyer¤46976105-bec3-4313-b150-a1f2eeca1aee" objectid="495" type="SLA_THRESHOLD" value="b5eaf06b-9d13-420d-b52b-f999fe2f86e7"/>
<objectids-entry key="Zone par défaut¤Petstore¤Buyer¤46976105-bec3-4313-b150-a1f2eeca1aee" objectid="496" type="SLA_THRESHOLD" value="c81e38ad-0ec9-4b90-8fd8-894a40487081"/>
<objectids-entry key="Zone par défaut¤Petstore¤Buyer¤46976105-bec3-4313-b150-a1f2eeca1aee" objectid="497" type="SLA_THRESHOLD" value="76ebfa86-e306-4bab-b057-94b33df1f28c"/>
<objectids-entry key="Zone par défaut¤Petstore¤Buyer¤46976105-bec3-4313-b150-a1f2eeca1aee" objectid="498" type="SLA_THRESHOLD" value="5e4243a4-1c8a-4b61-8e64-540195c69d82"/>
<objectids-entry key="Zone par défaut¤Petstore¤Buyer¤46976105-bec3-4313-b150-a1f2eeca1aee" objectid="499" type="SLA_THRESHOLD" value="7cda78ee-e7a0-459d-b399-346da6257705"/>
<objectids-entry key="Zone par défaut¤Petstore¤Buyer¤46976105-bec3-4313-b150-a1f2eeca1aee" objectid="500" type="SLA_THRESHOLD" value="e62b29f9-004b-4bd8-af6b-e85a3db98d45"/>
<objectids-entry key="Zone par défaut¤Petstore¤Buyer¤46976105-bec3-4313-b150-a1f2eeca1aee" objectid="501" type="SLA_THRESHOLD" value="d59847f0-7125-4468-98b0-7e354f3b0ca8"/>
<objectids-entry key="Zone par défaut¤Petstore¤Buyer¤46976105-bec3-4313-b150-a1f2eeca1aee" objectid="502" type="SLA_THRESHOLD" value="c304aa74-e444-476d-8f75-631f843a0e56"/>
<objectids-entry key="Zone par défaut¤Petstore¤Buyer¤46976105-bec3-4313-b150-a1f2eeca1aee" objectid="503" type="SLA_THRESHOLD" value="6338dad1-8501-4967-bdc3-b04bb63154b7"/>
<objectids-entry key="Zone par défaut¤Petstore¤Buyer¤46976105-bec3-4313-b150-a1f2eeca1aee" objectid="504" type="SLA_THRESHOLD" value="8c793c25-a205-4618-af31-6c1a3e2e3e4f"/>
<objectids-entry key="Zone par défaut¤Petstore¤Buyer¤46976105-bec3-4313-b150-a1f2eeca1aee" objectid="505" type="SLA_THRESHOLD" value="56fafc58-cfd0-4ef9-ae0b-31c93510b8ea"/>
<objectids-entry key="Zone par défaut¤Petstore¤Buyer¤46976105-bec3-4313-b150-a1f2eeca1aee" objectid="506" type="SLA_THRESHOLD" value="77e3474b-de5d-4fad-bd28-b2814e913b4e"/>
<objectids-entry key="¤¤" objectid="507" type="THRESHOLD" value="NeoLoad$NeoLoad$2ad438a2-5c2a-4144-9a13-aaeb57f29d94"/>
<objectids-entry key="¤¤" objectid="508" type="THRESHOLD" value="NeoLoad$NeoLoad$9afc424b-5654-4001-98cf-3a5d36d9ff24"/>
<objectids-entry key="¤¤" objectid="509" type="THRESHOLD" value="NeoLoad$NeoLoad$f06c3e2c-78b1-46a0-9a39-9d753290e110"/>
<objectids-entry key="¤¤" objectid="510" type="THRESHOLD" value="practice.neotys.com$mysql$da16ba1b-1926-4f95-acac-21232e3d8093"/>
<objectids-entry key="¤¤" objectid="511" type="THRESHOLD" value="practice.neotys.com$mysql$bf62aef7-1483-4164-8d9e-20155c545cc4"/>
<objectids-entry key="¤¤" objectid="512" type="THRESHOLD" value="practice.neotys.com$mysql$39a3e23e-a3ab-4891-ac13-12f6940aba28"/>
<objectids-entry key="¤¤" objectid="513" type="THRESHOLD" value="practice.neotys.com$mysql$f7f81abc-33df-46f6-b81a-b5cb5f3336c2"/>
<objectids-entry key="¤¤" objectid="514" type="THRESHOLD" value="practice.neotys.com$mysql$58e01b9b-fd9f-4c2e-a952-f4240bd3ee1c"/>
<objectids-entry key="¤¤" objectid="515" type="THRESHOLD" value="practice.neotys.com$mysql$8c8a66dc-f1c0-45ff-9ce9-6c140a010b86"/>
<objectids-entry key="¤¤" objectid="516" type="THRESHOLD" value="practice.neotys.com$mysql$02920b9e-f546-4ac5-99b8-64368cf23079"/>
<objectids-entry key="¤¤" objectid="517" type="THRESHOLD" value="Tomcat$tomcat$ad06f61c-96ee-4329-99cf-fb974541e600"/>
<objectids-entry key="¤¤" objectid="518" type="THRESHOLD" value="Tomcat$tomcat$d5c9f083-3754-408f-a881-632693759b40"/>
<objectids-entry key="¤¤" objectid="519" type="THRESHOLD" value="Tomcat$tomcat$e4214a1a-e7d9-4137-9635-4c949fab1280"/>
<objectids-entry key="¤¤" objectid="520" type="THRESHOLD" value="Tomcat$tomcat$16152344-1c7b-41fc-b1a3-3442af6065bd"/>
<objectids-entry key="¤¤" objectid="521" type="THRESHOLD" value="Tomcat$tomcat$106d0ed1-f682-4f5a-a7c8-09df6cefa45d"/>
<objectids-entry key="¤¤" objectid="522" type="THRESHOLD" value="Injecteur localhost:7100$NeoLoad$72dbdd4f-3af9-48d3-9d17-08e5820b1a21"/>
<objectids-entry key="¤¤" objectid="523" type="THRESHOLD" value="Injecteur localhost:7100$NeoLoad$cd229ed5-8aab-4fbc-a193-0b690c1839dc"/>
<objectids-entry key="¤¤" objectid="524" type="THRESHOLD" value="Injecteur localhost:7100$NeoLoad$6889c1cc-1a28-48ec-8373-9425f2fcb3be"/>
</objectids-table>
<!--****** DURATION ******-->
<duration value="600112"/>
<!--****** AGGREGATION PERIOD ******-->
<aggregation-period value="1000"/>
<!--****** EXTENDED STATISTICS ******-->
<truncated-mean centered-interval="true" percentage="90"/>
<percentile percentage="50"/>
</project>
